V1,V2,V3,V4,V5,V6,V7,V8,V9,V10,V11,V12,V13
36297.777,36127.094,36402.305,35965.523,36574.62,36729.48,36299.63,36399.53,36576.223,36760.348,36604.5,36358.41,36542.086
3582.7778,3565.9912,3580.4658,3536.5537,3607.172,3625.4858,3586.377,3581.8977,3596.333,3640.669,3621.7854,3577.3337,3591.4749
9635.36,9732.51,9746.384,9636.237,9590.53,9692.789,9737.674,9671.976,9630.836,9693.594,9692.836,9661.149,9621.355
2272.081,2188.3777,2100.88,2271.1523,2213.9321,2140.7363,2187.7312,2209.7012,2212.2842,2169.7053,2196.389,2230.2075,2306.42
1437.3832,1478.2571,1505.9058,1519.8735,1475.7347,1529.3309,1491.4271,1404.3989,1339.5054,1386.005,1548.9434,1448.7432,1357.6077
527.2634,457.56067,435.30963,424.2654,465.68533,430.06183,477.11096,457.7001,516.8055,519.03394,490.91904,450.52032,522.96704
3218.9983,3214.822,3511.9858,3194.3184,3263.116,3305.2039,3619.223,3391.9858,3319.6602,3352.1042,3603.884,3522.1318,3550.8074
3085.7485,3077.6016,3001.057,3076.0854,3211.2124,3355.3896,2958.0193,2877.459,3029.1511,3316.751,3040.165,3127.162,2980.901
7582.196,7376.596,7213.7876,7331.912,7336.922,7216.734,7063.276,7157.9004,7208.5757,7329.7656,7053.791,7207.89,7142.568
5098.468,5129.958,5131.789,5111.946,5092.535,5180.8647,5141.17,5108.321,5113.816,5090.6733,5085.354,5047.7993,5074.724
340.4253,336.09253,318.70624,309.50836,327.36966,322.15442,321.06158,315.38995,318.83536,330.17184,322.3907,322.25137,331.55716
1042.6339,1039.3228,1039.4589,1044.5142,1053.036,1047.5677,1034.1923,1032.9562,1032.2587,1030.5024,1029.9573,1024.1611,1029.3987
2363.6377,2395.3184,2380.25,2418.0212,2339.1772,2327.0232,2354.698,2358.6667,2334.9114,2288.9675,2311.9,2351.353,2342.7083
2351.1504,2383.4736,2377.8232,2395.8762,2308.8806,2314.276,2349.5999,2350.0574,2308.3708,2288.259,2310.7937,2332.7715,2310.4539
4597.437,4725.433,4690.711,4896.0713,4254.882,4116.083,4405.0537,4468.413,4221.9526,3889.556,4009.7542,4225.892,4177.9727
4590.291,4729.8955,4683.2397,4870.266,4248.2964,4105.572,4414.198,4472.78,4195.87,3878.5269,3991.1318,4211.0366,4136.717
12037.722,12057.612,12078.103,12074.507,12067.324,12127.206,12112.747,12094.208,12089.866,12122.928,12098.195,12082.022,12089.783
4328.0654,4312.6206,4303.7827,4317.7993,4334.7705,4273.7397,4280.407,4300.6064,4308.7017,4291.362,4320.4434,4331.273,4326.7104
2799.7778,2716.901,2552.6685,2770.2886,2491.6477,2709.588,2979.5981,2746.4978,2611.4668,2575.5403,2596.7915,2948.6292,2782.3142
4272.007,4154.3647,4133.5044,4059.4805,4211.7285,4288.9033,4390.8306,4240.078,4221.167,4306.669,4418.5815,4274.615,4377.3906
1924.9443,1994.1027,2051.1038,2053.2314,2007.0555,1930.7056,2145.3977,2034.4757,1971.4716,1858.986,2250.7173,2022.9836,2065.436
4091.1821,3853.294,3813.6038,4050.9092,3890.8022,3921.2522,4084.4019,3895.8748,4201.3096,4164.36,4028.4348,4108.008,4174.563
765.6693,757.63763,771.9427,760.62994,750.13116,755.2976,787.18677,786.6495,775.2692,758.05835,781.51056,790.18317,778.9829
7358.708,7288.4033,7122.4995,7736.7563,7084.6353,7512.6763,8009.4575,7664.744,7425.8525,7091.7256,7505.5273,8071.7217,7911.891
1202.395,1247.9998,1207.658,1255.7175,1164.2345,1156.738,1191.9259,1173.2375,1161.8473,1105.785,1136.2786,1154.4644,1134.5583
2798.5935,2857.0103,2809.117,2730.7905,2750.5356,2837.5554,2962.413,2787.274,2783.1738,2822.327,2838.0613,2893.45,2778.483
1754.7654,1623.4521,1663.2664,1450.6628,1875.9877,1572.7095,1746.6115,1699.1938,1734.1321,1661.1477,1745.4258,1591.8523,1951.595
4287.9814,4676.711,5505.074,4601.264,4657.9395,4634.8574,4766.504,5119.6816,4624.994,4544.506,4792.4673,5459.0693,4869.9585
754.5662,716.42505,673.2064,731.78973,712.9404,689.19653,711.3765,728.8534,759.0662,711.8896,708.1229,733.1165,767.37695
3831.19,3739.2,3704.4055,3837.4197,3751.5535,3856.9944,3907.3638,3761.0498,3969.4927,3939.2483,4013.9946,3910.3918,3849.63
940.54456,954.52985,936.61395,1031.5754,1022.60596,974.6406,922.22406,940.96655,946.40686,909.4452,892.87915,998.9048,981.4031
4120.5884,4143.6963,4565.2725,4197.6177,4188.0005,4365.3936,4522.894,4424.628,4472.059,4461.5547,4257.9204,4396.3325,4384.687
1573.8522,1525.7405,1492.0487,1451.3821,1486.7244,1532.2296,1491.8486,1473.8505,1460.966,1519.7747,1436.4856,1481.1019,1473.6725
1292.2838,1262.8551,1244.6432,1279.0541,1241.1555,1224.3951,1176.097,1201.0881,1208.7858,1217.9955,1159.4089,1207.1743,1185.7692
1186.4875,1150.8688,1119.5294,1094.2072,1136.9149,1171.876,1129.2465,1082.7986,1111.0297,1157.5647,1122.844,1151.1405,1168.9535
16506.771,15258.063,15001.411,16436.95,17799.54,16891.396,14161.215,15305.255,16434.787,15972.255,15216.879,15418.352,16100.175
2906.101,2902.3145,2894.949,2894.517,2886.482,2889.3503,2887.5144,2886.2537,2885.131,2876.753,2890.2837,2881.8677,2882.5146
3088.868,3089.9583,3074.5974,3079.977,3067.6235,3072.7544,3090.8296,3081.313,3072.5613,3066.868,3094.1453,3090.3655,3081.3706
5826.142,5839.964,5853.3765,5824.9106,5834.8604,5861.471,5814.266,5809.823,5810.236,5781.1694,5815.1113,5786.408,5784.7383
5828.514,5830.827,5846.1123,5827.441,5826.737,5854.4077,5803.2256,5795.3726,5825.1465,5787.0703,5816.071,5789.084,5809.237
6164.6533,6174.8135,6186.375,6172.0703,6158.0586,6173.8994,6186.1963,6181.287,6174.0054,6159.895,6161.2705,6181.0815,6181.67
6174.0664,6182.7124,6196.895,6180.2456,6168.5728,6182.8555,6195.7266,6190.579,6181.8374,6171.6704,6168.8027,6188.475,6190.074
6172.1216,6179.858,6193.6313,6178.543,6166.5684,6180.5293,6193.9185,6187.9824,6180.392,6168.347,6166.71,6187.283,6188.183
5825.0547,5835.266,5860.428,5842.2354,5846.5005,5870.1523,5832.74,5826.3247,5826.226,5804.378,5831.246,5810.1357,5814.4883
2915.5422,2922.6284,2911.5715,2919.4985,2935.5652,2900.8525,2912.5212,2909.4055,2905.6753,2895.5881,2912.2231,2908.3457,2929.6733
3280.6196,3292.6794,3334.779,3318.8743,3345.6294,3317.791,3323.253,3319.854,3308.5823,3309.4983,3346.097,3313.3586,3304.7021
2917.5767,2926.111,2916.2703,2926.4128,2944.1665,2907.0522,2921.8552,2917.8337,2914.782,2907.6692,2924.651,2921.2834,2939.5989
3009.9438,3019.8345,3018.1091,3004.289,2985.2952,3013.3467,2959.6096,2951.353,2960.1548,2952.1504,2927.9377,2902.3904,2904.8032
3228.6548,3239.1455,3232.9973,3235.9238,3269.2283,3223.9395,3236.5708,3235.9866,3228.207,3224.2212,3246.9055,3233.6772,3258.6353
3228.4119,3239.1396,3233.6467,3234.7346,3268.2725,3223.055,3233.8843,3234.7458,3225.5132,3224.332,3245.875,3231.9934,3255.8296
6636.4434,6617.352,6623.065,6627.3315,6620.8813,6625.8433,6618.4536,6622.3745,6636.098,6650.337,6635.6885,6609.1865,6598.2856
7112.8433,7110.3613,7066.7554,7079.175,7088.4014,7113.853,7130.085,7126.273,7131.353,7136.634,7160.382,7146.0264,7123.1367
1903.5479,1898.5654,1879.102,1914.6892,1915.3472,1927.4095,1866.6497,1861.1862,1871.5376,1807.2373,1859.071,1780.6725,1804.9325
2488.1985,2489.6853,2492.8184,2488.5842,2486.9978,2480.2388,2500.339,2498.581,2489.6624,2484.1838,2495.9365,2501.0125,2500.1287
4925.8447,4923.113,4976.538,4993.005,4956.5015,4958.942,4937.153,4958.4297,4893.059,4864.517,4891.0234,4942.892,4919.014
2971.3499,3014.2456,3119.0867,3073.8699,3117.0703,3273.8374,3079.304,3100.8987,3181.2087,3055.1108,3151.808,3081.8374,3214.065
2234.1948,2228.1309,2213.8372,2206.2485,2230.2546,2251.1487,2186.0718,2180.7278,2200.9346,2193.8064,2167.2087,2116.2144,2136.794
3398.9785,3346.5908,3338.2236,3308.211,3365.4563,3317.5986,3381.9116,3395.9998,3358.9336,3418.565,3362.8445,3413.9546,3428.7004
2431.2937,2548.7336,2337.7297,2555.4458,2614.1418,2627.5183,2324.9158,2234.547,2590.6582,2300.0989,2327.476,2332.1814,2473.9312
9026.924,9037.619,9008.558,9017.621,9004.105,9009.308,9028.775,9038.169,9023.603,9019.7,9006.306,9024.079,9026.277
10455.702,10662.072,11249.009,10923.8955,10578.642,10909.425,11192.65,11055.448,10831.136,10892.45,11201.437,11147.486,10939.672
7128.7256,7131.4634,7048.424,7131.859,7117.4004,7110.8936,7058.5635,7073.027,7104.0527,7041.2197,7042.7593,7078.5283,7128.1113
6030.4844,6085.2256,6124.743,6153.7954,6041.2417,6102.085,6181.4824,6163.0947,6101.272,6092.6343,6174.0205,6204.331,6200.8354
13634.053,13142.623,13049.235,13712.592,13976.545,13357.444,12793.511,13290.562,13671.099,13199.44,13063.437,13233.497,13758.207
18960.232,18403.58,18276.193,19038.186,19343.203,18561.578,17922.234,18550.246,18955.973,18431.594,18223.275,18471.975,19040.629
7331.3784,7424.525,7433.6685,7330.575,7277.1953,7367.228,7410.2666,7352.655,7308.2183,7357.45,7352.9136,7322.9863,7283.5527
13315.3955,13326.566,13334.205,13407.343,13395.145,13463.818,13399.061,13396.7295,13477.759,13398.056,13425.34,13418.634,13531.935
6921.415,6913.6826,6919.152,6910.9424,6920.1855,6904.2954,6909.649,6915.7144,6907.514,6907.2827,6913.266,6927.689,6933.6313
6922.472,6923.564,6924.3374,6912.2207,6911.7295,6884.5215,6922.536,6913.2217,6901.8135,6906.6235,6915.207,6927.9688,6917.271
2613.2764,2613.2944,2612.55,2610.2803,2614.985,2618.2334,2613.1118,2609.0242,2615.3228,2613.2698,2606.4126,2608.0588,2614.9795
1954.5466,1902.3859,1919.334,1909.4388,1926.5789,1893.4104,1940.3442,1925.9338,1900.2617,1897.7781,1909.4658,1927.3438,1946.6892
1958.6399,1904.8407,1917.2307,1900.2335,1914.475,1886.803,1934.7034,1911.7046,1887.4769,1891.5299,1905.6445,1914.5989,1935.6306
1963.8942,1908.5961,1922.6213,1907.6265,1922.7483,1894.2158,1945.1923,1921.066,1893.8065,1899.0505,1911.47,1922.068,1943.77
4741.7114,4855.5947,4665.3804,5096.1577,4570.4,4363.2046,4480.35,4585.285,4499.3887,4074.3188,4173.115,4469.642,4470.3516
24205.787,24136.93,23805.889,23961.969,23742.43,24018.22,24198.764,24051.238,23795.355,24105.28,24048.557,23821.836,23872.777
485.32208,513.8859,527.96625,475.72665,485.03992,505.10626,530.63794,542.75543,488.9384,519.0757,552.0369,541.9888,529.71643
3809.934,4004.0293,4066.5776,3990.6926,3777.6418,3945.288,4057.9688,3998.204,3862.8677,3788.0298,3939.251,4078.7966,4023.5679
3819.3108,4004.187,4026.2993,3988.8005,3820.8787,4060.9075,4128.4824,4039.4683,3890.633,3981.7366,4119.7524,4168.6895,3987.9146
1338.2885,1342.9246,1401.3481,1395.0597,1354.1384,1316.342,1290.6992,1307.7156,1312.412,1194.2996,1272.3987,1278.4545,1313.2402
1453.3015,1490.59,1568.3748,1515.2766,1486.91,1476.0763,1456.4012,1487.6208,1482.6536,1362.3146,1468.4432,1434.6268,1488.2234
24596.771,24634.965,24253.562,24449.44,24348.145,24455.947,24632.967,24449.463,24375.686,24478.416,24412.943,24405.58,24383.738
4422.94,4426.1943,4426.185,4420.952,4422.4707,4426.294,4427.936,4422.4717,4423.6675,4424.0684,4427.3223,4426.6206,4425.5044
5985.7866,6054.9727,6102.891,6100.041,6109.0103,6255.241,6060.4214,6065.1904,6149.886,6054.4688,6080.669,6025.096,6078.194
5963.7217,6042.3086,6057.802,6074.459,6060.054,6172.675,6022.2856,6011.534,6098.9136,6004.1973,6028.0,5964.714,6019.9424
17190.041,17227.312,17233.666,17263.66,17277.78,17424.547,17297.566,17320.812,17302.908,17306.729,17323.908,17242.283,17312.738
17199.514,17237.998,17219.516,17265.533,17279.229,17396.502,17306.002,17320.592,17296.6,17325.484,17325.82,17253.098,17324.9
1087.6157,1089.1813,1089.7758,1088.1144,1088.3938,1092.4713,1091.7996,1090.5044,1089.2814,1092.6846,1092.5378,1091.72,1091.8018
12017.65,12010.009,11996.971,12012.69,12075.308,12066.678,12038.736,12035.334,12052.579,12102.406,12084.807,12059.595,12088.687
1214.5715,1230.6593,1256.7775,1221.1803,1221.2716,1249.2411,1249.9363,1238.9856,1235.4658,1239.0905,1252.2605,1245.312,1240.0599
1846.8542,1858.8303,1876.9962,1862.377,1859.3767,1870.1705,1869.3455,1871.7562,1857.991,1871.6893,1870.3774,1872.0978,1861.9429
19671.795,19808.033,20021.113,19830.865,19805.71,19943.043,19947.33,19949.508,19814.588,19965.424,19964.709,19976.69,19879.22
23261.232,23218.703,23234.068,22852.277,23161.184,23633.555,23482.137,23195.088,23239.6,23747.205,23722.752,23225.191,23209.1
1733.6742,1735.93,1732.7422,1733.4894,1738.4845,1743.5101,1734.5399,1733.5166,1737.7233,1740.4446,1735.5703,1732.6312,1736.336
1799.5786,1817.3074,1844.5648,1826.6168,1812.1716,1828.9585,1820.7174,1825.4808,1795.1876,1802.4645,1813.055,1815.8763,1795.9678
1637.4802,1643.7267,1672.0422,1662.411,1652.2743,1670.3488,1647.1824,1647.2667,1628.1598,1615.1589,1633.0264,1632.0911,1615.3613
11297.437,11297.743,11259.538,11245.573,11279.656,11289.61,11257.198,11229.833,11256.32,11262.956,11253.415,11202.018,11221.556
473.48117,475.62115,502.8928,486.36755,485.96277,492.8429,498.35516,491.64465,487.89404,486.4799,499.12628,490.45117,487.43073
613.01575,612.9362,641.9222,625.64844,625.5184,633.6702,633.5575,629.53644,628.1311,626.4211,636.95245,628.2999,628.7926
15152.759,15135.24,15115.206,15028.539,15145.044,15162.966,15202.979,15197.733,15140.709,15253.153,15255.211,15255.643,15276.667
11396.597,11458.117,11438.926,11391.796,11425.607,11475.685,11500.729,11432.831,11441.971,11481.494,11534.698,11442.832,11463.364
9765.317,9771.947,9727.725,9715.19,9731.211,9735.231,9705.465,9668.534,9700.409,9694.601,9687.967,9628.598,9649.104
15860.49,15851.845,15850.951,15900.527,15974.076,15899.981,15827.081,15828.108,15896.582,15883.735,15866.808,15824.696,15903.782
4095.1335,4087.6504,4021.0645,4030.08,4103.01,4104.2817,4018.6982,4001.6863,4052.4663,4062.2305,4049.552,3965.1604,3990.8044
1039.118,1035.1904,1026.7715,1022.2752,1031.3921,1032.793,1034.4735,1032.3715,1031.6432,1042.412,1041.6681,1039.7714,1042.6699
9161.186,9173.542,9168.642,9177.307,9179.494,9205.028,9177.436,9172.231,9180.922,9183.505,9190.431,9175.1045,9182.507
2148.17,2150.47,2145.0547,2145.7021,2150.492,2153.5068,2145.524,2144.8132,2148.125,2150.7556,2145.891,2142.7375,2145.134
23863.543,23865.629,23928.049,23932.32,23933.691,24015.668,23887.344,23858.807,23961.436,23892.283,23921.635,23893.25,23950.143
15958.7295,15966.952,15933.644,15907.872,15928.395,15966.552,15920.297,15891.851,15903.762,15921.964,15912.124,15844.415,15849.269
14224.045,14224.469,14191.324,14167.313,14199.229,14234.345,14185.124,14155.652,14178.068,14193.092,14182.632,14116.228,14125.171
7275.0483,7301.661,7331.167,7335.1245,7311.5693,7349.45,7324.9775,7317.8228,7325.7207,7300.799,7338.206,7328.728,7337.464
1073.5146,1074.8804,1075.3727,1073.9009,1074.108,1077.9923,1077.3961,1076.181,1075.209,1078.3274,1078.0887,1077.4668,1077.6143
9500.394,9495.884,9485.531,9505.284,9547.513,9535.528,9512.596,9507.712,9527.163,9553.976,9538.682,9517.865,9533.531
743.15906,744.06165,750.0565,746.4964,742.6724,735.74243,752.0086,750.1691,747.77637,741.7218,750.31415,759.5342,756.36847
10529.29,10562.52,10597.602,10599.353,10583.079,10617.02,10669.647,10660.876,10583.189,10640.559,10655.848,10684.428,10639.048
11281.773,11311.507,11346.863,11353.408,11341.243,11369.8955,11423.745,11422.908,11357.584,11396.696,11414.739,11467.7295,11424.038
14787.117,14725.643,14699.002,14472.563,14799.167,15252.056,14980.641,14708.029,14910.597,15279.276,15290.305,14888.705,15063.095
7054.3345,7055.479,7053.1807,7089.5127,7084.3975,7107.315,7071.0884,7070.054,7098.3745,7074.389,7072.3057,7065.259,7094.757
1734.305,1736.0475,1733.3694,1734.7869,1740.853,1745.9025,1735.0094,1735.4415,1739.8251,1741.6985,1736.4993,1734.7383,1738.316
1011.83734,1025.8188,1042.8129,1024.5382,1011.2227,1020.21375,1016.27826,1016.9522,995.5362,992.91565,1000.49634,998.03906,984.1061
888.9578,893.2712,916.9105,900.9064,904.6536,924.54584,896.49426,896.0646,890.40436,876.72736,892.0221,886.19165,876.4486
10344.984,10350.731,10307.8955,10296.2705,10321.978,10331.293,10301.501,10267.414,10290.967,10296.936,10287.106,10234.645,10248.311
366.03436,367.49646,376.7929,376.39618,366.6204,365.4841,376.4334,376.77094,375.06277,367.6332,378.6457,382.4304,382.38135
473.95477,476.61646,488.19373,487.21768,477.26053,479.6141,488.3812,489.15536,486.62534,479.9189,492.34506,495.411,497.28787
8513.442,8500.649,8476.456,8479.201,8518.13,8507.515,8512.802,8512.428,8504.884,8538.836,8526.469,8522.3125,8545.855
10847.792,10911.316,10909.422,10852.388,10883.274,10962.47,10977.909,10906.498,10907.571,10959.372,10997.69,10928.577,10929.852
9505.059,9508.404,9468.853,9461.997,9485.892,9491.904,9457.6875,9428.525,9444.647,9446.942,9433.836,9386.52,9395.959
10970.929,10931.983,10883.894,11012.572,11041.198,10934.095,10861.844,10932.072,11014.947,10936.73,10880.351,10913.773,11010.355
3595.8826,3591.9617,3532.0793,3514.6694,3604.2388,3614.3066,3524.1921,3497.2598,3543.6953,3571.963,3547.0356,3467.597,3491.9944
1018.2145,1014.5908,1006.7296,1002.39935,1010.5737,1011.1053,1014.0874,1012.5723,1009.091,1020.3106,1018.88995,1016.9856,1018.8728
8158.5083,8170.244,8165.3423,8172.489,8171.1553,8190.432,8169.2363,8165.751,8170.1143,8167.3604,8175.9077,8163.554,8165.971
2146.0554,2147.5994,2141.1409,2142.1118,2144.9988,2147.6008,2140.089,2138.255,2143.234,2145.3335,2140.3235,2136.2622,2141.1628
22628.076,22630.545,22732.04,22723.754,22756.871,22854.146,22712.924,22710.41,22750.217,22719.67,22759.186,22744.049,22758.105
13791.7,13810.721,13763.43,13746.283,13773.104,13795.094,13767.649,13733.976,13739.12,13777.252,13760.128,13706.162,13706.504
12026.785,12043.176,12000.338,11983.825,12006.181,12022.174,11994.206,11961.599,11963.539,12000.971,11987.091,11928.227,11928.208
6129.7666,6154.9927,6149.419,6158.982,6119.754,6122.331,6126.8467,6122.9126,6112.853,6089.1724,6110.6274,6114.1377,6097.1797
6256.6943,6311.509,6298.356,6300.5444,6255.3403,6259.4595,6267.915,6213.856,6247.917,6188.0454,6197.837,6164.2793,6196.889
7040.368,7037.743,7040.2646,7046.5576,7072.7563,7078.1304,7059.2227,7056.1367,7068.952,7083.301,7078.0654,7072.66,7084.6924
363.5527,365.42865,371.11942,369.6998,363.47488,358.34427,372.5228,371.31628,367.87448,360.05124,370.39423,375.67874,375.66425
7870.609,7900.301,7929.86,7917.144,7900.5996,7935.0474,7944.9175,7940.2754,7901.9565,7934.4116,7961.98,7964.0703,7925.059
8215.312,8254.494,8292.993,8272.05,8242.367,8261.076,8320.661,8306.12,8223.597,8285.315,8302.267,8313.071,8261.512
11055.767,11018.779,10975.937,10783.28,11008.241,11349.944,11220.005,10958.915,11069.71,11443.222,11473.31,11122.822,11203.066
5398.842,5404.5356,5395.952,5423.844,5421.3315,5436.269,5410.9526,5407.389,5425.6724,5406.0903,5404.2217,5400.0117,5416.026
11286.07,11307.696,11274.809,11270.592,11303.676,11344.419,11280.092,11272.037,11298.872,11313.0,11287.683,11259.434,11278.963
984.4951,1001.2295,1020.90497,1002.57684,990.1312,997.3627,996.6494,997.9089,974.423,976.9675,982.7751,981.5175,964.88416
8466.541,8502.956,8573.103,8465.776,8343.639,8388.314,8206.077,8162.433,8158.873,7933.5073,8025.6006,7964.035,7934.2397
6702.236,6702.367,6674.8457,6667.906,6687.1006,6694.3125,6672.1357,6646.962,6665.808,6675.2466,6669.754,6631.5903,6641.8604
132.11287,130.05136,131.04916,136.52502,135.87634,131.68733,131.52876,133.4341,135.30035,131.4551,133.41245,136.03722,137.81879
230.38562,230.03012,232.94624,236.8189,235.4672,232.7491,233.12527,234.29176,233.78711,233.30945,235.63435,236.5284,238.55365
4449.6157,4435.674,4408.8823,4407.0483,4450.35,4438.8735,4447.809,4448.323,4443.2197,4484.4575,4469.9233,4472.2617,4493.463
8041.4707,8094.0806,8091.8687,8038.743,8080.2744,8147.6934,8148.01,8086.6387,8095.8594,8138.3574,8177.641,8108.281,8119.1523
6260.8584,6262.011,6232.617,6226.0493,6244.0464,6247.971,6225.4336,6199.5005,6218.4346,6223.246,6216.5015,6180.8906,6186.068
8455.162,8442.76,8405.187,8488.799,8501.6,8416.784,8392.673,8428.432,8471.224,8430.616,8396.069,8425.207,8487.188
2967.1091,2953.5137,2906.6384,2896.8096,2989.021,3016.8184,2906.816,2884.7993,2950.753,2969.3306,2955.5862,2881.475,2921.8147
8732.13,8689.985,8618.086,8561.331,8644.706,8649.008,8690.72,8657.4,8630.277,8739.45,8727.634,8698.432,8723.022
4585.3735,4596.2905,4607.6826,4612.2935,4606.958,4627.935,4600.0176,4595.087,4599.548,4583.526,4601.055,4588.0615,4594.9453
5447.6875,5454.199,5451.794,5457.487,5456.1196,5466.848,5445.471,5445.8853,5447.634,5440.8496,5447.7695,5439.9644,5443.3325
1422.3895,1424.4817,1420.1707,1419.5958,1422.6184,1424.5453,1420.1248,1419.3883,1420.2764,1422.9109,1419.5428,1417.4747,1418.4609
16486.166,16516.668,16589.816,16620.398,16610.54,16685.932,16578.598,16580.46,16593.016,16530.854,16555.582,16573.893,16595.26
9196.381,9205.777,9179.569,9168.738,9183.695,9205.697,9182.161,9158.821,9159.229,9190.653,9180.525,9140.212,9143.543
7996.035,8000.0063,7972.6978,7966.08,7985.6943,8003.7554,7979.2266,7954.968,7962.3447,7994.6294,7980.7705,7941.4224,7952.313
12100.555,12086.433,12139.873,12139.453,12164.992,12212.234,12105.811,12101.653,12147.845,12102.751,12108.689,12100.056,12122.721
4401.806,4427.536,4441.2593,4450.8857,4421.791,4441.4644,4430.267,4424.328,4424.427,4399.953,4427.086,4425.7764,4423.8784
3781.4116,3787.1438,3784.864,3779.5068,3779.9526,3791.3198,3792.9077,3786.6638,3780.0693,3802.3806,3791.7766,3790.9702,3787.7231
24589.814,24533.37,24392.68,24507.863,24679.691,24600.49,24476.982,24462.06,24601.605,24653.578,24547.729,24413.707,24589.15
3773.8777,3773.6914,3766.0981,3747.21,3770.2505,3751.1606,3775.2668,3773.07,3773.6748,3787.4824,3759.076,3812.9226,3783.341
2635.5361,2635.2102,2623.9753,2648.689,2638.7168,2622.3237,2643.4414,2651.5825,2649.8787,2636.536,2628.1099,2658.4573,2660.7847
3010.8071,3011.102,2998.3938,3017.4587,3008.938,2991.1433,3017.2427,3021.829,3017.2554,3010.011,3000.3674,3032.1655,3030.3528
3556.4062,3574.7903,3502.7615,3435.705,3477.5913,3514.8726,3456.1375,3416.2744,3436.461,3435.6523,3395.018,3319.448,3358.4011
1652.4905,1649.6193,1652.8014,1659.9447,1660.0422,1662.941,1653.9521,1657.904,1662.7844,1659.196,1657.2972,1656.2501,1663.2551
3593.5566,3591.386,3601.141,3608.3552,3610.4307,3623.2388,3605.1926,3606.1511,3616.8335,3611.191,3611.351,3606.9111,3618.173
6045.0884,6050.802,6040.412,6042.936,6061.6006,6079.9985,6044.275,6042.469,6057.416,6066.317,6055.1606,6039.973,6052.529
3643.861,3650.8398,3639.955,3633.9731,3641.3818,3651.7856,3635.9065,3631.1653,3635.6926,3632.2734,3631.9468,3615.4717,3621.0503
3448.6277,3465.4377,3431.8555,3422.8218,3405.2134,3476.6926,3467.647,3484.4316,3414.0684,3515.8113,3346.2183,3443.292,3371.108
2795.8035,2808.1265,2804.9634,2803.0066,2783.5928,2793.2495,2809.553,2798.953,2790.8413,2798.0076,2797.9175,2794.4846,2790.08
3248.1416,3245.8003,3237.255,3233.0918,3243.8652,3252.3376,3228.9722,3225.6187,3241.3674,3231.5703,3229.56,3215.986,3224.8184
2504.0776,2483.9016,2476.8088,2510.9026,2525.2578,2498.2698,2467.285,2485.0408,2513.5813,2496.8079,2484.7625,2475.4639,2504.4536
6534.74,6553.313,6538.9067,6482.4595,6513.5356,6548.437,6517.876,6501.936,6487.718,6483.1387,6483.4014,6394.5684,6398.5806
1479.8638,1477.7892,1465.0488,1478.6136,1479.8738,1478.835,1486.9066,1484.1002,1482.4498,1486.3428,1481.5587,1490.0825,1491.1034
2711.0042,2715.4355,2714.3853,2716.5664,2715.335,2725.144,2724.0286,2720.349,2721.7153,2725.3074,2726.9585,2722.632,2723.4521
7243.33,7243.3403,7234.991,7242.2393,7260.7725,7278.989,7238.3896,7236.8135,7259.535,7258.549,7245.522,7232.634,7249.8066
8815.4795,8807.99,8794.706,8792.165,8806.535,8814.995,8814.728,8801.802,8812.278,8818.008,8817.312,8810.738,8809.392
1334.065,1338.3492,1333.0946,1340.7762,1327.3363,1339.4258,1339.2927,1336.0946,1333.5596,1336.2367,1335.6083,1338.8057,1338.4155
6099.669,6091.7646,6084.4937,6075.676,6089.213,6095.66,6093.8833,6083.916,6089.1953,6095.4253,6096.888,6089.8174,6089.976
4596.409,4602.6284,4590.723,4587.5557,4595.002,4601.9243,4592.387,4584.7446,4589.3506,4593.5864,4587.217,4573.672,4577.837
4054.8667,4058.4397,4046.6614,4045.7341,4051.0913,4052.908,4045.2805,4037.792,4043.0027,4042.7964,4036.393,4024.49,4026.7598
1744.5181,1742.0529,1741.5768,1738.6038,1736.0211,1735.2866,1741.7822,1740.717,1734.2948,1734.4164,1739.7638,1740.3413,1736.1561
940.07513,936.76666,931.47394,926.30347,937.08435,940.66974,935.82465,935.9727,934.46313,943.9825,946.21844,939.427,943.05066
2276.6143,2269.101,2240.0088,2230.1626,2246.5576,2266.1528,2247.2356,2226.9155,2232.7168,2242.1873,2271.8438,2240.882,2245.9172
2050.4268,2021.0856,2008.2892,2026.3901,2055.8909,2064.415,2005.4434,2025.6309,2044.298,2053.9658,2020.5188,2024.7305,2031.4885
453.09802,452.6156,453.3192,451.2397,455.7883,457.34705,452.98123,453.8844,452.37238,456.21896,456.58002,455.4731,456.39804
6740.247,6627.008,6612.858,6542.2026,6604.711,6618.7783,6637.356,6550.015,6609.3213,6688.556,6653.644,6646.2827,6653.434
1188.7135,1189.4039,1169.7216,1165.8291,1179.7655,1195.0133,1171.7827,1163.6862,1179.6243,1166.8536,1194.8015,1169.616,1183.272
5919.841,5884.3774,5852.9556,5922.214,5891.3213,5876.5303,5899.76,5891.369,5881.2114,5847.5913,5863.6196,5906.9365,5927.432
505.0408,496.05853,492.0299,482.8509,493.82187,502.00226,500.2607,490.1281,489.52026,503.6574,504.13312,498.85623,496.27264
976.2932,986.778,980.95386,959.0762,988.5437,988.8199,989.24146,995.3853,984.521,997.98175,1020.0567,995.15106,1004.5954
9967.672,9911.748,9807.684,9524.504,9787.654,9881.058,9997.971,9940.465,9804.661,10124.283,10240.545,10106.482,10125.52
3420.5884,3426.6643,3426.6772,3347.9998,3423.454,3433.1958,3449.9177,3439.854,3416.817,3439.8862,3523.8853,3472.5715,3472.9053
2429.0786,2406.1238,2392.526,2409.8352,2440.644,2441.7964,2393.3154,2419.0847,2432.1494,2438.8,2404.8423,2418.861,2426.2764
856.0885,843.8077,826.71686,844.11566,860.72943,901.578,864.47876,850.2844,869.02295,895.482,898.1461,875.3389,896.9132
1804.7505,1698.2675,1733.2849,1756.2238,1865.813,1905.044,1810.7888,1748.0864,1773.8976,1901.3296,1847.849,1727.1667,1782.282
1962.6637,1968.3408,1953.977,1902.7732,1954.6385,1962.0078,1972.3926,1976.5208,1945.646,1998.823,2028.752,1990.3824,2003.0281
4244.3096,4239.8877,4194.16,4131.378,4204.717,4235.1855,4225.6187,4208.5186,4196.6606,4250.3633,4307.8735,4243.0195,4264.6265
5696.027,5630.294,5654.6904,5662.9375,5781.7583,5812.551,5769.7964,5740.4136,5729.289,5851.913,5835.699,5765.094,5855.7686
7292.826,7310.767,7323.0283,7329.764,7305.2954,7333.8984,7329.6377,7328.0566,7313.9624,7304.6816,7305.496,7313.1772,7295.7583
12456.9,12731.274,12909.482,12828.463,12632.234,12961.729,13060.823,12892.168,12789.063,12798.817,12883.399,12834.48,12861.922
954.3639,1030.165,1008.6063,953.99,945.4519,1011.0856,1035.2559,1003.8019,964.2867,1005.09906,1044.0139,958.68066,953.9929
10753.078,11050.455,10749.293,10716.187,10905.773,11465.5625,10831.824,10518.0625,10893.497,10714.102,10633.312,10153.536,10575.567
26790.87,25715.205,25523.236,26919.957,28205.213,27241.373,24313.68,25608.514,26703.19,26052.377,25331.615,25540.473,26188.807
4186.912,4195.2246,4188.3125,4210.8926,4193.1577,4236.9746,4258.891,4244.9697,4232.1436,4260.4907,4220.772,4223.3696,4248.102
7963.812,8064.827,8115.2095,8103.1694,8018.4697,8206.15,8213.446,8151.758,8131.6216,8177.3096,8113.26,8094.1104,8153.219
18913.55,19017.527,19230.334,19273.842,19268.588,19576.594,19332.004,19239.441,19291.926,19258.45,19318.783,19235.016,19314.598
5440.2446,5462.119,5442.1772,5423.294,5416.988,5482.492,5451.351,5420.936,5426.847,5421.872,5394.527,5364.872,5395.732
3288.7422,3288.3394,3225.2793,3216.631,3221.637,3319.4478,3239.7563,3212.577,3202.4766,3197.9604,3177.0002,3096.2217,3120.7607
1784.6449,1806.987,1792.9514,1791.7224,1790.7759,1808.7225,1777.5203,1765.3583,1770.9547,1745.3217,1737.4375,1747.6223,1756.5536
2357.3684,2364.3442,2366.5046,2367.1172,2365.3022,2376.1252,2374.1108,2368.5288,2371.2224,2367.879,2365.4695,2363.7942,2374.9622
3139.435,3149.0693,3152.7014,3151.2969,3149.21,3164.4275,3163.9114,3155.885,3155.8186,3157.8938,3155.7114,3152.2585,3162.6455
9849.139,9919.333,9868.641,9874.6875,9888.733,9841.874,9923.09,9952.535,9877.736,9781.124,9912.627,9920.719,9930.328
9712.923,9872.335,9892.919,9965.607,9773.144,9891.815,10008.323,10025.789,10019.558,9823.031,10127.946,10038.244,10078.763
1054.139,1057.9171,1060.4257,1057.0911,1056.8947,1062.5408,1066.4888,1065.5203,1061.655,1063.6371,1068.414,1062.6798,1062.4149
1783.4604,1786.4897,1788.7557,1786.0016,1785.5159,1790.6401,1793.5414,1793.1387,1790.063,1792.5027,1796.2815,1790.7708,1790.6034
7437.015,7432.8105,7330.3003,7437.812,7483.1284,7506.766,7469.1577,7397.4883,7412.42,7468.1494,7437.603,7351.79,7386.0474
8067.5137,7923.935,7809.1807,7936.511,8012.99,8037.5894,7973.1235,7914.138,8041.1104,8028.3296,8023.625,8034.8853,8052.2837
26942.07,27087.232,27814.518,28079.844,27864.045,27760.785,27939.705,28001.582,27802.967,27633.373,27686.8,28190.36,28449.35
1721.3965,1741.9006,1706.956,1699.0012,1713.2349,1714.4984,1721.4076,1733.0724,1721.2719,1736.9767,1747.247,1737.3044,1746.4529
1962.8916,1935.3474,1870.203,1922.6511,1893.0753,1920.8475,1974.7787,1957.1685,1940.7042,1939.9696,1929.892,1993.6567,1982.729
2940.7063,2934.3372,2825.9111,2883.503,2896.5664,2906.5981,2929.1633,2942.7534,2939.789,2959.8354,2949.6462,2977.4194,2990.2173
1347.2493,1322.4404,1268.4445,1297.2617,1303.0814,1310.0684,1339.0586,1330.8944,1320.6836,1347.0677,1342.7572,1359.6047,1363.894
7795.824,7902.354,7662.8887,7799.621,7683.952,7709.048,7770.8525,7788.876,7803.1025,7664.1587,7672.9478,7790.124,7806.4277
463.56744,463.70978,451.4766,453.77826,457.41107,455.93,449.95792,458.33972,461.17938,460.0066,453.6501,455.77814,458.45087
3084.4668,3060.9363,3011.286,3130.8442,3023.362,3049.2498,3129.7488,3104.7937,3074.5483,3019.8938,3020.571,3163.47,3141.668
557.7816,552.5899,535.8239,536.13763,535.52985,530.6807,542.06165,543.72424,540.37933,542.2123,542.47864,549.1666,557.13525
1919.0475,1912.4597,1874.7604,1876.4386,1882.8735,1867.6498,1908.5134,1896.0771,1885.9615,1907.9738,1891.8378,1903.5542,1915.1842
1024.6948,1027.1755,998.0869,992.503,969.698,992.7417,1019.31946,1021.73395,999.52527,1010.2443,1013.65967,1041.4984,1032.283
1839.0114,1823.5072,1773.4412,1780.7148,1784.8275,1791.3096,1812.718,1826.8356,1810.9802,1827.8949,1828.783,1837.7179,1858.7446
410.58313,408.46454,392.04822,381.1189,382.37958,366.34576,387.1548,388.4609,384.1352,374.85736,390.6626,391.20905,403.01337
3237.8113,3231.7153,3144.1396,3174.8389,3196.587,3184.942,3216.5808,3212.4036,3227.0547,3236.5645,3230.7937,3255.3625,3288.3862
1098.5704,1082.3469,1004.9524,1033.4025,1047.1602,1052.5918,1110.6072,1088.4744,1075.868,1115.0719,1078.7612,1119.4188,1115.8887
370.95642,367.77713,354.2364,359.10986,356.4772,360.9554,378.58466,371.62686,368.20966,370.397,372.05853,381.496,377.84735
3738.8765,3778.1924,3566.7986,3573.6802,3616.8076,3610.1997,3722.705,3695.7222,3670.3643,3661.0117,3784.6084,3782.11,3795.9414
2513.011,2487.5947,2476.2515,2481.289,2469.177,2434.4187,2513.29,2497.3518,2500.29,2468.6492,2502.3027,2514.791,2532.0103
1004.407,996.0426,969.85046,965.5044,978.63,959.216,1011.72534,998.0264,988.41785,1018.08435,1009.46454,1030.6085,1029.9487
1480.0562,1474.2378,1455.235,1458.8634,1473.1005,1467.7725,1515.2787,1496.8816,1499.3138,1487.9226,1495.299,1512.9153,1532.6819
1165.9186,1148.0327,1133.2173,1124.2347,1131.1858,1106.4034,1194.1448,1183.3347,1159.7448,1145.211,1182.4142,1184.0428,1211.1647
780.53906,775.48157,768.3672,762.5803,765.03864,756.93787,779.47034,773.017,765.7046,765.0942,777.4,778.9244,783.49255
2311.901,2337.2356,2303.0833,2283.1675,2274.6328,2279.737,2365.896,2355.6375,2301.3528,2315.4536,2345.5305,2374.6296,2350.9788
1107.7097,1109.1886,1101.076,1070.6658,1066.0542,1061.4965,1119.6881,1101.8134,1062.5458,1076.8804,1110.357,1120.754,1111.0679
4181.108,4181.384,4106.919,4107.3677,4113.5547,4089.8013,4111.9307,4120.346,4124.4326,4095.5232,4112.305,4139.255,4186.43
16409.82,16712.13,17414.38,17118.756,16633.11,17054.852,17471.133,17309.006,17012.723,17165.168,17533.164,17522.541,17329.28
22167.04,21992.307,22283.283,21817.611,22396.477,22532.324,22167.06,22236.219,22399.174,22609.219,22455.152,22195.514,22385.871
3284.393,3232.5278,3215.316,3288.4275,3319.5195,3241.5652,3181.3289,3243.221,3277.7307,3225.3506,3201.3672,3226.847,3279.8489
6732.9395,6741.6406,6730.264,6700.2744,6704.7036,6711.247,6733.6406,6715.421,6707.444,6711.2256,6742.4116,6731.341,6737.4067
8520.222,8648.625,8645.713,8518.332,8461.815,8565.682,8631.091,8561.654,8485.972,8583.633,8572.332,8535.526,8483.772
12290.746,12349.895,12344.306,12284.329,12261.201,12331.6,12312.683,12287.749,12246.364,12285.144,12281.418,12250.109,12219.412
5920.209,5894.396,5888.776,5951.6064,5934.7627,5886.473,5854.435,5914.2905,5919.409,5891.92,5853.154,5891.05,5924.4224
1918.448,1926.7155,1930.0094,1925.1074,1923.4181,1932.1456,1917.9402,1915.0422,1920.5227,1905.9542,1914.6461,1908.9441,1909.3146
2713.4077,2623.2983,2515.5908,2637.122,2724.5037,2475.9082,2486.6584,2510.856,2603.8887,2549.2375,2593.643,2669.11,2650.772
4016.6482,4017.3054,4017.573,4017.7048,4017.4927,4018.1423,4018.2498,4017.979,4017.3293,4017.6006,4017.6292,4017.2253,4017.6875
2122.0076,2121.1238,2123.6333,2121.5654,2127.0728,2124.9033,2113.332,2110.2336,2115.1755,2110.789,2118.0107,2107.0842,2112.992
7102.51,6634.5093,6402.2544,6433.399,7002.549,6910.3467,6633.9976,6421.062,6989.7095,7207.6763,6937.3267,6595.195,7015.5317
557.74133,517.1118,539.77454,616.66754,402.64023,510.11438,489.2611,612.89996,519.41205,484.98816,363.91235,557.7511,587.43024
4736.402,4689.5845,4665.994,4670.6177,4735.7275,4731.5625,4693.8403,4680.0024,4743.6875,4751.045,4729.217,4697.221,4741.9395
4392.4707,4393.7803,4393.477,4388.5454,4394.602,4402.031,4399.1904,4393.84,4397.0747,4400.9185,4403.8555,4397.435,4397.792
2348.0354,2399.7415,2386.1912,2443.5107,2416.877,2483.467,2442.1804,2447.0215,2466.1772,2471.581,2456.5698,2451.3433,2448.19
3946.7268,3964.8423,3855.7285,3946.2827,3965.2761,3934.5664,3900.2856,3872.8384,3930.1367,3916.5188,3880.71,3834.916,3878.811
2196.3594,2206.6924,2134.0188,2155.8455,2166.4631,2185.112,2158.2285,2162.4475,2167.8262,2149.6504,2145.8804,2146.3535,2161.4785
2172.6985,2187.86,2129.73,2122.019,2173.7441,2169.2124,2135.3503,2152.7107,2157.3884,2142.6313,2143.1191,2127.6487,2155.789
3153.9856,3216.6597,3227.9163,3217.185,3178.9019,3213.033,3207.6199,3182.879,3086.5452,3183.3298,3230.4893,3133.904,3085.0024
1369.8414,1377.4327,1321.9222,1339.7278,1341.2845,1361.945,1343.7494,1346.5162,1351.1581,1333.2401,1336.6031,1336.945,1347.8003
1308.7676,1323.2455,1273.3466,1270.1891,1308.9001,1298.483,1282.9766,1292.4089,1297.9463,1288.6714,1294.6746,1281.6206,1303.5339
7832.135,7822.0312,7817.2637,7884.9663,7795.7954,7787.6133,7764.4907,7801.335,7776.971,7698.2495,7701.111,7780.3066,7765.277
7552.076,7539.812,7527.895,7596.6553,7511.727,7499.982,7464.6646,7506.817,7481.1416,7399.7935,7398.054,7482.536,7455.5537
980.0149,982.91187,977.94653,980.1001,982.2789,984.95374,982.0469,980.8031,982.72766,986.6242,983.7349,980.53314,983.1892
6435.558,6477.862,6512.2915,6513.5337,6506.696,6537.4385,6525.3076,6480.976,6507.5005,6456.0093,6479.784,6459.295,6482.316
825.0194,827.9239,813.4927,817.81287,826.9735,826.1461,815.7102,818.73956,818.4609,817.5722,811.05743,811.5088,815.48584
8623.993,8642.409,8531.945,8481.599,8614.014,8647.948,8484.694,8554.195,8547.98,8499.367,8441.437,8412.701,8467.708
11098.8,11227.193,11343.209,11266.514,11295.168,11495.268,11335.368,11284.356,11341.961,11312.065,11420.33,11277.525,11398.165
3192.494,3198.2996,3195.218,3172.4453,3190.6082,3194.277,3202.83,3192.7527,3189.9094,3198.559,3195.618,3186.3447,3194.6292
1327.3663,1333.4651,1279.7477,1295.1176,1296.2213,1316.6652,1301.5305,1301.2076,1306.648,1293.979,1296.876,1295.3412,1304.4921
1261.6394,1275.3339,1228.9581,1226.52,1261.6697,1249.2439,1236.4899,1246.5365,1250.0446,1242.323,1246.0615,1234.2449,1254.6332
5385.6313,5401.4546,5407.8804,5407.834,5403.93,5421.094,5414.8765,5415.1016,5406.186,5417.599,5417.1396,5410.7627,5411.0503
1797.9933,1811.5852,1784.7659,1760.9915,1796.2512,1808.2534,1815.1798,1775.3057,1820.46,1801.1248,1816.4695,1811.4719,1824.8727
2145.797,2149.5073,2151.9387,2145.9492,2144.8762,2139.8745,2161.2268,2157.3074,2147.9453,2145.2268,2158.9165,2161.772,2159.8774
338.9425,337.03705,337.43707,337.58286,336.17105,334.70016,332.41113,333.6124,333.0034,330.34473,329.47836,329.8942,330.48773
569.336,571.8421,573.43933,571.0689,569.59033,575.13574,575.40015,573.8439,571.848,576.8947,577.43304,576.99945,574.06573
605.9137,793.1406,919.79156,630.5819,562.2793,452.9386,566.6675,655.09576,209.46545,2.378418,250.6222,366.24854,124.39465
10464.413,10543.279,10699.652,10621.381,10576.965,10564.012,10407.065,10400.127,10414.4375,10221.914,10336.878,10266.331,10270.308
2194.1765,2199.177,2193.7258,2190.6204,2196.7673,2202.5444,2186.2869,2187.5186,2190.3452,2175.0664,2171.3647,2166.0886,2182.5554
7821.3022,7827.8594,7829.958,7823.876,7816.7617,7843.5005,7833.08,7827.253,7823.9893,7827.4067,7823.9907,7815.8315,7817.2915
9823.959,9886.568,9945.905,9999.168,9913.08,9930.655,10037.017,10003.482,9964.531,9961.012,9977.208,10018.2,10053.9375
15650.209,15517.002,15396.56,15566.434,15769.386,15921.398,15765.775,15650.49,15782.615,16010.378,15933.48,15855.286,15907.269
8390.318,8516.846,8334.019,8307.051,8187.926,8423.259,8444.925,8241.175,8261.36,8295.511,8254.721,7873.617,7937.682
18336.021,18573.242,18332.45,18242.713,18076.115,18348.059,18244.77,17992.008,18008.906,17992.305,17858.86,17401.021,17415.375
1772.5137,1791.8488,1763.9387,1739.443,1760.9818,1738.547,1751.5566,1785.4789,1831.774,1747.4059,1749.0408,1745.6066,1813.3594
1515.2607,1600.1873,1469.7284,1528.5055,1473.6141,1503.7018,1563.8988,1497.531,1482.3654,1528.8624,1518.5206,1481.1168,1460.4349
2897.336,3049.8003,3148.9224,3032.0742,3064.4504,3093.5776,3081.8801,3071.6873,2921.8108,2994.0974,3071.994,3081.3066,2972.5227
3190.9155,3118.6213,2988.1433,3458.818,3238.3848,3039.5374,2880.3667,3237.4111,3194.3967,2838.1667,2967.5876,3085.388,3224.9036
5517.3853,5335.336,5547.926,5879.328,5757.5957,5413.709,5218.4023,5701.8945,5643.652,5254.374,5568.565,5806.8237,5844.16
3553.1526,3530.221,3574.96,3904.705,3602.7178,3372.9792,3309.8594,3726.5469,3529.393,3166.0679,3427.1023,3513.4045,3602.814
3369.5742,3332.5596,3230.4358,3660.5327,3315.0742,3106.945,3011.4915,3265.8782,3207.4756,2845.7588,2978.2134,3127.8372,3193.6697
1984.29,1946.144,1831.0737,1999.7825,1971.1392,1819.2306,1787.4645,1936.4198,1916.2267,1768.7391,1854.7277,1854.0587,1946.3715
2542.0906,2598.4426,2576.982,2576.5242,2561.8462,2420.1128,2434.6243,2580.8816,2442.7651,2407.5405,2473.179,2546.9575,2511.5127
3044.5027,2973.2637,2860.8774,3270.0505,3078.3628,2880.9607,2753.0757,2907.878,2916.7576,2772.647,2807.6636,2894.4207,3049.8215
5670.4585,5514.833,5428.8438,6079.67,5719.794,5360.49,5220.6187,5769.624,5701.9634,5139.242,5447.341,5604.1562,5880.933
3152.539,3050.3306,2948.3801,3296.9219,3169.2085,2872.196,2767.3728,3109.5513,3077.9104,2747.0273,2807.5195,2921.253,3073.459
3218.3066,3109.8,3223.2139,3356.5396,3161.5374,3050.1997,2986.6538,3209.4612,3115.3027,2756.332,2962.81,3131.3057,3138.946
2533.6316,2471.554,2397.233,2657.5378,2570.262,2316.1763,2331.1326,2535.5571,2484.184,2280.7944,2401.5908,2451.7456,2586.0688
3433.04,3384.6567,3278.333,3735.6277,3490.713,3248.9668,3060.4045,3515.7231,3414.8765,3009.769,3211.9968,3261.1282,3417.0032
2328.883,2271.1104,2228.6165,2468.4688,2384.0059,2196.6992,2199.0527,2386.7266,2333.3384,2180.5708,2271.0945,2296.5674,2422.9707
6338.2246,6215.5073,6003.9727,6397.4893,6314.8604,5965.4,5803.338,6276.876,6247.442,5780.974,5954.9507,6141.3657,6413.123
4937.386,4815.563,4687.841,5038.383,4842.007,4490.917,4426.676,4827.902,4754.3887,4482.1143,4494.5903,4704.4507,4985.526
4657.0576,4634.165,4477.711,4932.1763,4687.5693,4342.295,4168.1934,4637.833,4555.811,4111.7007,4138.517,4370.7266,4566.0103
4075.219,4011.7798,3937.0125,4144.2383,4012.0427,3675.825,3629.7063,3852.5361,3793.2698,3624.9998,3566.9111,3725.264,3835.3152
1975.5249,2122.792,2111.8118,2151.9607,2035.1698,1908.3635,1959.4855,1901.3542,1726.7234,1643.646,1878.2798,1825.4586,1722.7258
8359.973,8265.355,7941.6045,8311.911,8083.289,7569.642,7513.356,7822.437,7866.567,7523.6675,7550.6904,7690.8213,8340.506
5180.299,5203.295,5225.916,5397.372,5146.4272,4902.381,4819.3345,5022.85,4973.1055,4700.106,4811.724,5024.6743,5014.9463
3012.4817,2962.334,2940.4312,3004.8633,3005.694,2757.0989,2794.0703,2974.9927,2918.6118,2778.4426,2848.5046,2901.5505,3059.39
4186.271,4060.6345,4262.887,4279.212,4156.6436,3867.6501,4092.7986,4394.792,4215.564,3960.2637,4223.8633,4496.4146,4482.2754
3676.567,3584.6218,3607.1433,3699.9211,3672.0444,3724.9646,3839.7747,3687.4915,3566.279,3635.2678,3533.0938,3784.0989,3672.0667
2361.6035,2321.4326,2339.0276,2413.8325,2337.0425,2258.349,2208.8838,2372.7354,2305.2908,2208.8586,2273.945,2339.0889,2395.0479
2279.0022,2188.0596,2059.0386,2203.9124,2221.4763,2013.3915,2004.3423,2096.5505,2149.825,2034.95,2032.0125,2035.7583,2273.1558
6100.8696,6042.062,6136.2896,6509.8486,6142.3057,5844.196,5779.072,6224.1777,6008.565,5735.5874,6035.6416,6160.516,6155.0996
2336.0842,2342.9531,2291.5916,2346.9104,2299.032,2191.1711,2182.2136,2386.8337,2287.2107,2195.1743,2277.5688,2358.2886,2383.9321
4367.849,4293.2554,4364.867,4699.1445,4398.115,4259.633,4089.9087,4202.022,4178.304,4154.1445,4104.1,4356.0605,4474.4644
2489.8655,2423.0815,2398.8335,2583.1091,2425.3306,2389.6104,2295.2756,2432.2627,2457.7388,2336.0159,2366.2383,2430.7305,2490.171
3684.476,3654.1511,3631.7263,3653.1653,3504.6562,3436.7314,3417.898,3612.77,3453.729,3426.0066,3444.1958,3526.725,3559.8328
3630.401,3586.9014,3504.17,3870.5073,3621.2131,3489.4634,3294.8762,3588.2666,3492.6392,3295.6587,3418.2617,3521.082,3563.8699
8933.458,8693.24,8573.436,9300.0,9027.61,8560.957,8407.216,9151.543,8893.654,8524.838,8777.817,9015.853,9325.765
2600.1196,2501.5554,2369.6863,2626.2283,2568.315,2340.6367,2305.148,2456.799,2490.8408,2332.2786,2389.8516,2407.5774,2590.7703
9542.739,9388.895,8811.023,9696.667,9075.905,8526.054,8371.734,9038.488,8946.495,8159.4395,8342.379,8688.804,8861.592
3527.026,3431.3813,3328.301,3666.6033,3494.8403,3348.679,3183.7861,3444.293,3420.351,3169.793,3268.8533,3368.577,3464.6343
6082.102,5987.2295,5797.5264,6283.5537,6014.384,5724.0566,5494.993,6012.0996,5954.611,5526.9243,5604.9873,5831.558,5953.1104
3096.0386,3031.1638,2965.283,3187.0835,3005.4065,2806.4204,2852.835,3023.5725,2964.4785,2766.6362,2750.4402,2910.0667,3045.1235
2526.9114,2536.0571,2446.301,2610.2441,2409.1875,2331.383,2310.0713,2427.548,2357.563,2217.8176,2266.0337,2407.4868,2417.6384
3835.4688,3696.3818,3361.0955,3937.7407,3725.1074,3503.6892,3325.7832,3610.5032,3631.4546,3414.3816,3546.8123,3667.2087,3729.0422
4059.1382,3983.0647,3836.7625,4249.545,3986.425,3838.5034,3651.0376,3991.8823,3958.0112,3696.3628,3864.8726,3917.2134,3997.075
1632.8044,1634.5803,1628.9968,1824.2935,1606.8564,1464.039,1455.992,1611.6581,1596.9788,1366.3273,1441.2449,1572.6177,1590.898
1631.2621,1576.3179,1535.5135,1625.2957,1588.9678,1490.2928,1511.7212,1592.1827,1580.5323,1500.597,1530.6111,1573.0564,1643.1244
2127.6218,2067.2532,2048.8682,2111.8308,2137.7505,1997.8975,1958.2898,2097.5156,2076.128,2008.4388,2007.0767,2021.0399,2129.0105
4052.4346,4002.7874,3835.8955,4113.463,3972.4534,3665.4175,3635.3577,3854.0984,3835.256,3546.422,3552.1907,3717.163,3859.3403
6484.957,6361.744,5926.0967,6515.65,6458.2085,5977.56,5798.884,6184.274,6285.613,5797.1455,5870.4346,6009.2295,6339.7983
5213.8643,5207.9834,4958.3115,5478.454,5145.1313,4860.8623,4786.8154,5106.603,5019.3696,4649.7554,4834.144,5003.5728,5067.0654
1328.0822,1337.7888,1332.8752,1354.165,1326.8359,1299.5276,1269.9434,1316.2693,1320.0026,1271.271,1302.5441,1345.2806,1331.1191
3680.084,3577.4617,3510.6714,3868.7642,3599.866,3407.441,3291.2754,3603.4988,3573.8464,3215.6797,3353.0642,3500.9146,3594.0464
3475.7793,3340.4285,3208.979,3609.356,3451.9863,3131.644,3047.0574,3295.5088,3299.2244,2937.0146,3016.0059,3079.9539,3314.691
3038.0518,3178.6858,3025.2334,3302.757,3009.866,2894.1877,2904.016,3071.904,2986.6218,2780.8313,2785.3628,2920.3801,2905.6372
6017.775,5881.373,5766.5054,6133.171,6032.754,5489.368,5427.201,5886.639,5749.2617,5248.2197,5342.26,5540.025,5833.5396
3820.997,3704.888,3597.9753,3974.5068,3869.5085,3583.1956,3468.8235,3856.3745,3808.4668,3487.008,3553.2021,3754.6443,3946.6743
4337.4233,4312.7866,4322.3296,4525.1523,4469.0234,4275.2944,4076.112,4238.525,4255.438,4150.269,4088.2969,4289.4976,4410.3667
3277.0337,3314.9043,3383.52,3355.8901,3359.1987,3369.0535,3313.8228,3286.1821,3277.0432,3244.651,3266.7441,3288.1616,3257.013
5819.284,5598.6006,5515.826,6029.05,5726.0234,5270.647,5400.269,5766.4873,5681.129,5553.509,5496.926,5671.803,6004.3335
1786.4559,1754.479,1748.3987,1837.389,1777.6765,1642.646,1683.4279,1773.4065,1734.2285,1624.3479,1676.8604,1721.4852,1790.1671
1267.2567,1284.2389,1309.4348,1297.174,1295.1315,1294.337,1280.6792,1266.1912,1257.8323,1250.3657,1258.9545,1264.2871,1249.335
1814.1693,1788.7922,1675.0936,1860.8503,1709.8685,1658.7196,1627.7349,1716.607,1692.5558,1553.9548,1595.2507,1637.9639,1662.076
3409.5308,3275.3442,3217.6128,3525.5413,3387.0146,3241.7397,3101.822,3387.9753,3388.189,3099.184,3214.5696,3270.8657,3436.086
2632.0781,2665.512,2713.925,2688.6384,2690.5203,2695.6794,2654.9392,2631.0955,2623.729,2600.6804,2618.107,2632.5796,2611.521
4335.5493,4281.32,4279.7437,4691.1143,4388.714,4210.3994,4117.7637,4302.7935,4225.6763,4006.0662,4119.112,4264.032,4299.193
3628.54,3577.3442,3485.8806,3735.3916,3635.2153,3412.254,3417.3281,3594.3726,3528.449,3353.419,3422.8665,3483.5283,3597.4211
5627.3584,5541.031,5319.2905,5897.0454,5426.6562,5148.247,5045.674,5348.656,5306.2114,4787.175,4930.361,5221.893,5373.1265
4025.7705,3984.385,3808.891,4146.628,3952.297,3790.3364,3711.7795,3785.8108,3842.2917,3577.125,3645.4182,3657.7898,3853.5488
